{"cameraMode":{"drawMode":0,"name":"Shaded","section":"Shading Mode"},"sceneLighting":false,"audioPlay":false,"sceneViewState":{"m_AlwaysRefresh":false,"showFog":true,"showSkybox":true,"showFlares":true,"showImageEffects":true,"showParticleSystems":true,"showVisualEffectGraphs":true,"m_FxEnabled":true},"in2DMode":false,"pivot":{"x":2.527466297149658,"y":16.375280380249025,"z":-20.260303497314454},"rotation":{"x":0.44037413597106936,"y":0.08896107226610184,"z":-0.044014837592840198,"w":0.8924302458763123},"size":1.6000475883483887,"orthographic":false}